{
  "metadata": {
    "n_obs_total": 390,
    "n_proyectos": 74,
    "portafolios": [
      "DATOS Y SISTEMAS DE INFORMACIÓN",
      "TI",
      "CONSULTORÍA"
    ],
    "n_bins": 10,
    "bin_labels": [
      "0-10%",
      "10-20%",
      "20-30%",
      "30-40%",
      "40-50%",
      "50-60%",
      "60-70%",
      "70-80%",
      "80-90%",
      "90-100%"
    ],
    "descripcion": "SPI vs Mes Relativo — CL, UCL, LCL, std, CV, Mediana por decil"
  },
  "global": {
    "por_fase": {
      "0-10%": {
        "n": 20,
        "CL": 1.0725,
        "UCL": 2.194443,
        "LCL": 0.0,
        "std": 0.373981,
        "CV": 0.3487,
        "median": 1.0,
        "outliers": 1
      },
      "10-20%": {
        "n": 30,
        "CL": 0.904317,
        "UCL": 1.384458,
        "LCL": 0.424177,
        "std": 0.160047,
        "CV": 0.176981,
        "median": 1.0,
        "outliers": 0
      },
      "20-30%": {
        "n": 29,
        "CL": 0.938709,
        "UCL": 1.533373,
        "LCL": 0.344044,
        "std": 0.198222,
        "CV": 0.211164,
        "median": 1.0,
        "outliers": 0
      },
      "30-40%": {
        "n": 51,
        "CL": 0.872212,
        "UCL": 1.63577,
        "LCL": 0.108655,
        "std": 0.254519,
        "CV": 0.291809,
        "median": 1.0,
        "outliers": 1
      },
      "40-50%": {
        "n": 48,
        "CL": 0.907321,
        "UCL": 1.422897,
        "LCL": 0.391745,
        "std": 0.171859,
        "CV": 0.189413,
        "median": 1.0,
        "outliers": 0
      },
      "50-60%": {
        "n": 22,
        "CL": 0.92109,
        "UCL": 1.405099,
        "LCL": 0.437082,
        "std": 0.161336,
        "CV": 0.175158,
        "median": 1.0,
        "outliers": 0
      },
      "60-70%": {
        "n": 43,
        "CL": 0.902364,
        "UCL": 1.527284,
        "LCL": 0.277444,
        "std": 0.208307,
        "CV": 0.230845,
        "median": 1.0,
        "outliers": 1
      },
      "70-80%": {
        "n": 35,
        "CL": 0.943547,
        "UCL": 1.342001,
        "LCL": 0.545094,
        "std": 0.132818,
        "CV": 0.140764,
        "median": 1.0,
        "outliers": 0
      },
      "80-90%": {
        "n": 28,
        "CL": 0.963084,
        "UCL": 1.257912,
        "LCL": 0.668257,
        "std": 0.098276,
        "CV": 0.102043,
        "median": 1.0,
        "outliers": 0
      },
      "90-100%": {
        "n": 84,
        "CL": 0.950611,
        "UCL": 1.52001,
        "LCL": 0.381212,
        "std": 0.1898,
        "CV": 0.199661,
        "median": 1.0,
        "outliers": 3
      }
    },
    "global": {
      "CL": 0.930112,
      "UCL": 1.54001,
      "LCL": 0.320215,
      "std": 0.203299,
      "CV": 0.218575,
      "median": 1.0,
      "n": 390
    },
    "nelson": {
      "R1": 7,
      "R2": 130,
      "R3": 25,
      "R5": 15,
      "R6": 21,
      "reglas_activas": [
        "R1",
        "R2",
        "R3",
        "R5",
        "R6"
      ],
      "veredicto": "NO CONTROLADO",
      "n_activas": 5
    }
  },
  "por_portafolio": {
    "DATOS Y SISTEMAS DE INFORMACIÓN": {
      "por_fase": {
        "0-10%": {
          "n": 7,
          "CL": 0.985714,
          "UCL": 1.35021,
          "LCL": 0.621219,
          "std": 0.121499,
          "CV": 0.123259,
          "median": 1.0,
          "outliers": 0
        },
        "10-20%": {
          "n": 11,
          "CL": 0.847273,
          "UCL": 1.513798,
          "LCL": 0.180747,
          "std": 0.222175,
          "CV": 0.262224,
          "median": 1.0,
          "outliers": 0
        },
        "20-30%": {
          "n": 11,
          "CL": 0.907273,
          "UCL": 1.756235,
          "LCL": 0.058311,
          "std": 0.282987,
          "CV": 0.31191,
          "median": 1.0,
          "outliers": 0
        },
        "30-40%": {
          "n": 17,
          "CL": 0.914902,
          "UCL": 1.527908,
          "LCL": 0.301896,
          "std": 0.204335,
          "CV": 0.223341,
          "median": 1.0,
          "outliers": 0
        },
        "40-50%": {
          "n": 13,
          "CL": 0.882436,
          "UCL": 1.476934,
          "LCL": 0.287938,
          "std": 0.198166,
          "CV": 0.224567,
          "median": 1.0,
          "outliers": 0
        },
        "50-60%": {
          "n": 10,
          "CL": 0.892,
          "UCL": 1.414456,
          "LCL": 0.369544,
          "std": 0.174152,
          "CV": 0.195238,
          "median": 1.0,
          "outliers": 0
        },
        "60-70%": {
          "n": 11,
          "CL": 0.942259,
          "UCL": 1.395526,
          "LCL": 0.488992,
          "std": 0.151089,
          "CV": 0.160348,
          "median": 1.0,
          "outliers": 0
        },
        "70-80%": {
          "n": 16,
          "CL": 0.943638,
          "UCL": 1.308284,
          "LCL": 0.578992,
          "std": 0.121549,
          "CV": 0.128808,
          "median": 1.0,
          "outliers": 0
        },
        "80-90%": {
          "n": 8,
          "CL": 0.961103,
          "UCL": 1.289382,
          "LCL": 0.632824,
          "std": 0.109426,
          "CV": 0.113855,
          "median": 1.0,
          "outliers": 0
        },
        "90-100%": {
          "n": 25,
          "CL": 0.901244,
          "UCL": 1.73554,
          "LCL": 0.066949,
          "std": 0.278098,
          "CV": 0.308572,
          "median": 1.0,
          "outliers": 2
        }
      },
      "global": {
        "CL": 0.913395,
        "UCL": 1.525747,
        "LCL": 0.301043,
        "std": 0.204117,
        "CV": 0.223471,
        "median": 1.0,
        "n": 129
      },
      "nelson": {
        "R1": 2,
        "R2": 59,
        "R3": 17,
        "R5": 6,
        "R6": 13,
        "reglas_activas": [
          "R1",
          "R2",
          "R3",
          "R5",
          "R6"
        ],
        "veredicto": "NO CONTROLADO",
        "n_activas": 5
      },
      "n_proyectos": 22,
      "n_obs": 129
    },
    "TI": {
      "por_fase": {
        "0-10%": {
          "n": 9,
          "CL": 1.238889,
          "UCL": 2.723392,
          "LCL": 0.0,
          "std": 0.494834,
          "CV": 0.399418,
          "median": 1.0,
          "outliers": 0
        },
        "10-20%": {
          "n": 13,
          "CL": 0.940476,
          "UCL": 1.253868,
          "LCL": 0.627085,
          "std": 0.104464,
          "CV": 0.111075,
          "median": 1.0,
          "outliers": 0
        },
        "20-30%": {
          "n": 11,
          "CL": 0.996509,
          "UCL": 1.312342,
          "LCL": 0.680676,
          "std": 0.105278,
          "CV": 0.105646,
          "median": 1.0,
          "outliers": 0
        },
        "30-40%": {
          "n": 21,
          "CL": 0.84212,
          "UCL": 1.692805,
          "LCL": 0.0,
          "std": 0.283561,
          "CV": 0.336723,
          "median": 1.0,
          "outliers": 0
        },
        "40-50%": {
          "n": 19,
          "CL": 0.916842,
          "UCL": 1.411696,
          "LCL": 0.421988,
          "std": 0.164951,
          "CV": 0.179912,
          "median": 1.0,
          "outliers": 0
        },
        "50-60%": {
          "n": 10,
          "CL": 0.955575,
          "UCL": 1.434558,
          "LCL": 0.476592,
          "std": 0.159661,
          "CV": 0.167084,
          "median": 1.0,
          "outliers": 0
        },
        "60-70%": {
          "n": 19,
          "CL": 0.852555,
          "UCL": 1.675175,
          "LCL": 0.029934,
          "std": 0.274207,
          "CV": 0.32163,
          "median": 1.0,
          "outliers": 1
        },
        "70-80%": {
          "n": 12,
          "CL": 0.984014,
          "UCL": 1.34497,
          "LCL": 0.623058,
          "std": 0.120319,
          "CV": 0.122273,
          "median": 1.0,
          "outliers": 0
        },
        "80-90%": {
          "n": 12,
          "CL": 0.97662,
          "UCL": 1.206614,
          "LCL": 0.746626,
          "std": 0.076665,